timestamp,Frequency,VAs Phase C,Symmetrical Component Magnitude - Seq
1563508806.907292,60.165,8768.263,142.195
1563508810.8970544,60.072,8797.73,142.695
1563508814.919291,60.012,8817.377,142.219
1563508818.955467,60.213,8777.707,142.25
1563508822.9232996,60.075,8796.961,142.75
1563508826.9552116,60.206,8772.432,142.25
1563508830.9262004,60.089,8775.021,142.109
1563508834.9320369,60.229,8776.101,142.773
1563508838.933237,60.14,8775.358,142.141
1563508843.0565138,60.239,8777.783,142.977
1563508847.042859,60.21,8714.307,142.844
1563508850.9674845,60.034,8731.959,142.875
1563508854.9728174,60.033,8759.058,142.281
1563508858.9749959,60.038,8713.982,142.328
1563508862.9867542,60.102,8880.143,142.758
1563508866.9738173,60.111,8869.528,142.266
1563508871.0381613,60.186,8777.164,142.523
1563508875.0048435,60.103,8776.399,142.109
1563508879.0319197,60.06,8821.407,142.75
1563508883.0209157,60.022,8735.516,142.328
1563508887.0473866,60.005,8760.465,142.055
1563508891.0809612,60.084,8756.814,142.609
1563508895.049712,60.108,8754.93,142.562
1563508899.04992,60.042,8704.265,142.219
1563508903.1950834,60.247,8692.418,142.883
1563508907.0701761,60.033,8645.035,142.945
1563508911.0754905,60.074,8739.681,142.828
1563508915.0739462,60.007,8748.007,142.961
1563508919.0931365,60.061,8712.406,142.742
1563508923.1206412,60.029,8725.657,142.75
1563508927.123923,60.073,8714.33,142.688
1563508931.111922,60.161,8798.5,142.25
1563508935.1079504,60.115,8734.842,142.414
1563508939.6220999,60.213,8791.856,142.688
1563508943.1105433,60.088,8718.672,142.734
1563508947.1242902,60.074,8735.011,142.555
1563508951.1227114,60.181,8970.965,142.047
1563508955.155708,60.166,8965.677,142.68
1563508959.1380389,60.123,8962.156,142.258
1563508963.3331056,60.198,8986.215,142.938
1563508967.1538885,60.087,8900.998,142.391
1563508971.1654608,60.168,8901.572,142.477
1563508975.1579554,60.067,8887.753,142.578
1563508979.176519,60.106,8892.963,142.922
1563508983.1678267,60.058,8836.316,142.281
1563508987.201256,60.137,8848.68,142.695
1563508991.1817398,60.175,8863.183,142.914
1563508995.2231355,60.073,8864.199,142.898
1563508999.2294462,60.241,8839.127,142.742
1563509003.241455,60.245,8855.204,142.586
1563509007.2131212,60.048,8860.292,142.711
1563509011.2577255,60.179,8856.15,142.539
1563509015.2340174,60.023,8853.143,142.531
1563509019.6817713,60.231,8879.982,142.625
1563509023.5793414,60.166,8788.706,142.25
1563509027.2590332,60.079,8789.577,142.633
1563509031.3499386,60.069,8785.625,142.852
1563509035.2707834,60.088,8777.239,142.945
1563509039.4168718,60.249,8821.797,142.469
1563509043.5763788,60.208,8815.968,142.945
1563509047.4430296,60.224,8711.127,142.312
1563509051.450313,60.088,8752.589,142.82
1563509055.4463725,60.067,8773.703,142.008
1563509059.4577138,60.204,8835.38,142.891
1563509063.40067,60.001,8815.764,142.141
1563509067.3230824,60.187,8770.452,142.375
1563509071.320434,60.223,8830.508,142.547
1563509075.5154603,60.135,8807.354,142.859
1563509079.4401076,60.245,8791.093,142.227
1563509083.4702518,60.076,8721.414,142.656
1563509088.0834088,60.159,8734.057,142.938
1563509091.4001625,60.164,8718.093,142.727
1563509095.3751252,60.082,8712.027,142.617
1563509099.350152,60.12,8737.361,142.008
1563509103.4086616,60.119,8761.98,142.555
1563509107.584934,60.057,8736.8,142.117
1563509111.501343,60.178,8739.511,142.719
1563509115.5525272,60.15,8748.653,142.242
1563509119.5287356,60.031,8751.354,142.109
1563509123.3860748,60.075,8752.271,142.688
1563509127.518969,60.022,8686.581,142.156
1563509131.537913,60.085,8661.203,142.188
1563509135.4085999,60.184,8666.341,142.648
1563509139.4170341,60.126,8672.128,142.031
1563509143.4940085,60.091,8699.379,142.18
1563509147.4943545,60.247,8697.149,142.992
1563509151.4348783,60.188,8703.025,142.734
1563509155.4443266,60.162,8702.423,142.023
1563509159.444154,60.092,8625.889,142.414
1563509163.6155756,60.179,8514.879,142.281
1563509167.5122817,60.073,8546.524,142.836
1563509171.5262735,60.121,8558.578,142.43
1563509175.5149899,59.839,8543.364,142.781
1563509179.5895855,59.954,8513.926,142.516
1563509183.4852712,59.94,8549.406,142.953
1563509187.4951441,59.896,8554.794,142.242
1563509191.6515884,59.947,8548.428,142.664
1563509195.5226488,59.981,8553.381,142.5
1563509199.7231615,59.833,8553.922,142.102
1563509203.7234917,59.774,8511.437,142.203
1563509207.6386702,59.934,8489.612,142.953
1563509211.5367148,59.825,8528.314,142.133
1563509215.6250405,59.758,8550.192,142.562
1563509219.585168,59.888,8554.174,142.789
1563509223.8029733,59.956,8515.562,142.953
1563509227.7781575,59.761,8547.579,142.688
1563509231.6557477,59.751,8488.584,142.156
1563509235.664314,59.799,8461.525,142.555
1563509239.5813582,59.999,8478.223,142.953
1563509243.6090887,59.89,8489.977,142.562
1563509247.6662796,60.02,8501.684,142.047
1563509251.6021903,60.07,8452.409,142.969
1563509255.7812057,60.077,8466.017,142.453
1563509259.5991666,60.024,8487.217,142.93
1563509263.7214632,60.202,8453.133,142.453
1563509267.624312,60.143,8490.039,142.141
1563509271.7866547,60.022,8529.645,142.398
1563509275.668523,60.073,8548.729,142.461
1563509279.723889,60.248,8453.28,142.641
1563509283.7177937,60.012,8559.842,142.352
1563509287.7917154,60.094,8455.051,142.992
1563509291.8173265,60.034,8494.739,142.0
1563509295.700968,60.104,8484.729,142.883
1563509299.8093486,60.075,8520.475,142.852
1563509303.746125,60.038,8493.494,142.75
1563509307.861573,60.234,8494.148,142.383
1563509311.7112122,60.188,8487.256,142.398
1563509315.6599517,60.09,8558.046,142.086
1563509319.8130422,60.156,8475.713,142.922
1563509324.2229726,60.007,8511.221,142.656
1563509327.922536,60.092,8492.066,142.164
1563509331.8676183,60.16,8449.404,142.234
1563509335.755139,60.173,8549.977,142.602
1563509339.7832587,60.023,8558.065,142.641
1563509343.7172768,60.149,8513.766,142.484
1563509347.8101456,60.03,8558.645,142.75
1563509351.846377,60.007,8542.205,142.875
1563509355.7730505,60.141,8514.114,142.18
1563509359.728875,60.041,8519.963,142.734
1563509364.1796885,60.186,8519.784,142.164
1563509367.7909153,60.021,8550.228,142.258
1563509371.7955542,60.132,8518.745,142.453
1563509375.8748088,60.045,8537.908,142.242
1563509379.905202,60.209,8574.575,142.469
1563509383.896475,60.168,8562.329,142.609
1563509387.7978413,60.167,8555.939,142.047
1563509391.9689517,60.248,8529.083,142.164
1563509395.8946016,59.758,8547.088,142.625
1563509399.9060934,59.854,8534.719,142.992
1563509404.1115038,59.978,8550.531,142.555
1563509407.8445187,59.958,8545.281,142.312
1563509411.829654,59.807,8548.77,142.094
1563509415.8871782,59.782,8534.119,142.781
1563509419.8172114,59.876,8450.137,142.383
1563509423.8311017,59.82,8488.517,142.742
1563509427.8222704,59.868,8514.787,142.078
1563509431.8419852,60.006,8548.086,142.609
1563509435.824654,60.205,8491.671,142.438
1563509439.8677933,60.162,8574.318,142.906
1563509443.8940418,59.983,8516.733,142.633
1563509447.879691,59.976,8454.285,142.594
1563509451.884709,59.78,8491.882,142.672
1563509455.9106905,59.952,8453.814,142.242
1563509459.9011462,59.834,8490.01,142.344
1563509463.9496865,59.798,8449.463,142.625
1563509467.9042697,59.996,8483.676,142.828
1563509471.905102,59.97,8487.303,142.797
1563509475.9436977,59.981,8505.512,142.258
1563509479.9551153,59.952,8449.011,142.891
1563509483.9356883,59.896,8467.875,142.555
1563509487.9254901,59.823,8505.867,142.789
1563509491.9335186,59.787,8480.404,142.5
1563509495.9594853,59.935,8470.295,142.227
1563509499.9590683,59.888,8495.06,142.578
1563509504.0592833,59.859,8450.56,142.102
1563509507.9546638,59.794,8494.493,142.125
1563509511.9799836,59.86,8506.21,142.242
1563509515.958889,59.755,8448.884,142.797
1563509519.9783285,59.933,8467.656,142.5
1563509523.9737728,59.964,8466.184,142.883
1563509527.9830422,59.932,8512.919,142.938
1563509532.0718281,59.799,8492.88,142.0
1563509535.9837368,59.891,8532.628,142.297
1563509540.0009298,59.954,8524.475,142.578
1563509544.013321,59.989,8513.647,142.961
1563509548.0151856,59.907,8551.148,142.32
1563509552.0186799,59.96,8542.459,142.461
1563509556.032011,59.829,8514.611,142.961
1563509560.0335364,59.793,8569.854,142.734
1563509564.236194,59.765,8549.236,142.094
1563509568.048729,59.777,8531.896,142.531
1563509572.0716565,59.838,8568.272,142.852
1563509576.0952485,59.921,8523.414,142.391
1563509580.0765007,59.963,8514.281,142.68
1563509584.064331,59.959,8533.771,142.938
1563509588.0796723,59.759,8534.172,142.852
1563509592.0952923,59.83,8515.424,142.281
1563509596.072114,59.842,8553.332,142.227
1563509600.1165693,59.777,8551.175,142.609
1563509604.1162782,59.889,8514.608,142.992
1563509608.145943,59.816,8554.416,142.32
1563509612.1485891,59.899,8622.658,142.18
1563509616.1188123,59.942,8515.874,142.953
1563509620.1351001,59.805,8535.47,142.602
1563509624.234811,59.788,8457.77,142.531
1563509628.1419158,59.767,8535.269,142.125
1563509632.1601994,59.756,8518.925,142.141
1563509636.1711366,59.943,8555.377,142.219
1563509640.1418362,59.813,8551.821,142.766
1563509644.1587877,59.798,8517.109,142.625
1563509648.2283723,59.995,8551.645,142.227
1563509652.1681917,59.753,8559.219,142.828
1563509656.2104495,59.809,8517.459,142.109
1563509660.1956408,59.772,8554.377,142.344
1563509664.2525623,60.074,8516.792,142.945
1563509668.2023287,60.098,8552.135,142.266
1563509672.213247,60.19,8553.641,142.914
1563509676.2009625,60.205,8561.309,142.516
1563509680.2016852,60.228,8517.63,142.688
1563509684.4105153,60.134,8556.547,142.453
1563509688.2291105,60.248,8538.711,142.172
1563509692.2663074,60.012,8554.026,142.297
1563509696.2267196,60.136,8564.277,142.664
1563509700.291147,60.155,8519.188,142.102
1563509705.3623478,60.169,8625.877,142.664
1563509708.2603242,60.227,8586.027,142.297
1563509712.2642963,60.149,8581.945,142.961
1563509716.2454584,60.047,8584.077,142.422
1563509720.2653887,59.883,8620.477,142.578
1563509724.2820983,59.972,8578.706,142.531
1563509728.2661316,59.928,8549.592,142.227
1563509732.2990625,59.865,8556.789,142.82
1563509736.2939365,59.869,8513.973,142.398
1563509740.3648798,60.164,8551.311,142.273
1563509744.4037168,60.094,8533.67,142.672
1563509748.2951534,60.184,8515.448,142.758
1563509752.2976227,60.217,8515.592,142.203
1563509756.3177273,60.117,8520.038,142.039
1563509760.3313627,60.197,8515.791,142.539
1563509764.365167,60.149,8551.338,142.891
1563509768.3251963,60.24,8537.037,142.875
1563509772.338592,60.123,8518.421,142.719
1563509776.3301504,60.094,8776.595,142.43
1563509780.3635166,60.049,8761.564,142.32
1563509784.358244,60.096,8713.712,142.039
1563509788.37071,60.047,8717.048,142.383
1563509792.3771615,60.083,8717.59,142.445
1563509796.3872654,60.16,8744.567,142.055
1563509800.3830004,60.201,8750.389,142.352
1563509804.7389076,60.053,8751.199,142.945
1563509808.3990042,60.007,8713.527,142.219
1563509812.4187613,60.036,8718.144,142.188
1563509816.4040895,60.021,8761.117,142.734
1563509820.4238336,60.197,8747.477,142.828
1563509824.4626868,60.17,8722.424,142.062
1563509828.4327614,60.014,8761.286,142.57
1563509832.41549,60.224,8748.313,142.57
1563509836.4650824,60.194,8721.516,142.961
1563509840.4644752,60.04,8695.326,142.844
1563509844.499195,60.011,8649.346,142.102
1563509848.4755158,60.229,8666.385,142.055
1563509852.4568636,60.036,8684.683,142.82
1563509856.4897377,60.175,8679.415,142.398
1563509860.4649336,60.147,8672.284,142.078
1563509864.5787406,60.135,8644.064,142.594
1563509868.5075328,60.002,8645.606,142.484
1563509872.505178,60.055,8684.415,142.609
1563509876.4847999,60.061,8647.273,142.094
1563509880.542163,60.15,8714.045,142.75
1563509884.5179608,60.126,8722.859,142.438
1563509888.559339,60.191,8696.465,142.07
1563509892.500311,60.175,8648.508,142.859
1563509896.5282335,60.054,8667.371,142.211
1563509900.524179,60.155,8676.714,142.867
1563509904.5261006,60.183,8734.566,142.789
1563509908.531327,60.154,9488.865,142.602
1563509912.5522852,60.144,9572.454,142.445
1563509916.5456662,60.059,9578.872,142.43
1563509920.550522,60.082,9586.068,142.836
1563509924.9104831,60.141,9557.42,142.453
1563509928.5676126,60.019,9551.016,143.602
1563509932.5713344,60.227,9492.152,143.266
1563509936.5724072,60.165,9475.904,142.398
1563509940.6028376,60.249,9501.514,142.062
1563509944.5920439,60.065,9493.426,142.805
1563509948.6353834,60.164,9480.689,143.164
1563509952.6284978,60.168,9481.506,143.914
1563509956.6054502,60.019,9490.49,143.031
1563509960.6040292,60.124,9547.281,143.82
1563509964.6547117,60.203,9543.377,143.328
1563509968.6313303,60.188,9506.784,143.617
1563509972.6641538,60.115,9492.764,143.445
1563509976.6428583,60.189,9478.26,142.945
1563509980.6401587,60.211,9501.134,143.609
1563509984.9110157,60.189,9499.322,143.891
1563509988.6456165,60.246,9423.729,142.57
1563509992.6560001,60.072,9377.236,143.172
1563509996.6573563,60.193,9349.567,143.742
1563510000.6892784,60.036,9378.81,143.445
1563510004.6718125,60.01,9376.714,143.484
1563510008.6780844,60.023,9349.234,143.18
1563510012.6870468,60.195,9350.924,143.336
1563510016.7588816,60.129,9393.166,143.664
1563510020.6994967,60.079,9387.115,142.672
1563510024.6986632,60.058,9352.744,142.375
1563510028.7135246,60.147,9370.57,142.0
1563510032.7215726,60.176,9323.906,143.852
1563510036.739621,60.245,9286.668,142.984
1563510040.7184286,60.206,9326.582,142.156
1563510044.9151235,59.941,8609.097,142.477
1563510048.7371204,59.851,8517.197,142.367
1563510052.7506483,59.755,8557.59,143.367
1563510056.7604694,59.833,8555.068,142.641
1563510060.7416916,59.81,8527.375,142.039
1563510064.7589085,59.824,8537.396,142.367
1563510068.7812521,59.948,8518.97,142.578
1563510072.7641003,59.884,8517.428,142.867
1563510100.8219125,59.788,8563.123,142.406
1563510101.884866,59.868,8552.126,142.602
1563510106.0886436,59.772,8454.486,142.656
1563510109.8655274,59.915,8513.157,143.805
1563510113.8563037,59.879,8551.262,142.148
1563510117.8656719,59.827,8532.789,142.297
1563510121.864439,59.994,8525.386,143.117
1563510125.8788254,59.91,8514.789,142.594
1563510129.8902328,59.811,8506.369,142.008
1563510133.8954518,59.75,8542.61,143.75
1563510137.9076242,59.955,8553.483,143.695
1563510141.9285114,59.884,8534.093,143.766
1563510145.9015877,59.986,8563.57,143.914
1563510149.9126136,59.994,8515.833,143.938
1563510153.9556272,59.964,8507.183,143.852
1563510157.9493124,59.97,8500.601,143.148
1563510161.9449239,59.792,8450.663,143.297
1563510166.0927558,59.918,8517.126,143.914
1563510169.9568143,59.825,8542.596,143.195
1563510173.9623816,59.842,8533.39,143.734
1563510177.9639795,59.827,8557.55,143.344
1563510181.9906678,59.89,8545.67,143.875
1563510185.981348,59.833,8534.122,143.062
1563510189.9866776,59.969,8551.1,142.336
1563510194.006019,59.871,8519.606,143.203
1563510198.0092702,59.813,8532.584,142.266
1563510202.0116663,59.982,8514.664,142.016
1563510206.0320184,59.883,8551.707,142.211
1563510210.0337687,59.896,8513.784,143.156
1563510214.098085,59.879,8531.156,142.703
1563510218.0429475,59.83,8517.331,142.375
1563510222.0550776,59.866,8525.275,143.602
1563510226.2549367,59.917,8547.385,142.133
1563510230.0985992,59.982,8550.266,143.008
1563510234.0805192,59.946,8531.427,143.148
1563510238.280478,59.98,8517.654,143.055
1563510242.0878997,59.871,8517.426,143.859
1563510246.1100004,59.925,8527.634,143.805
1563510250.123087,59.895,8540.446,142.656
1563510254.1135046,59.784,8553.637,142.477
1563510258.136872,59.841,8517.288,142.094
1563510262.1498947,59.75,8519.131,143.633
1563510266.1383853,59.898,8524.162,143.242
1563510270.185237,59.867,8517.736,143.93
1563510274.1452708,60.096,8487.566,143.234
1563510278.1801991,60.234,8491.429,142.633
1563510282.1512094,60.081,8455.703,142.727
1563510286.4032056,60.242,8460.281,142.289
1563510290.1653411,60.235,8562.057,143.023
1563510294.1987808,60.073,8518.339,143.398
1563510298.2254903,60.23,8554.687,143.156
1563510302.195034,60.134,8554.699,142.258
1563510306.1873145,60.093,8574.706,143.133
1563510310.2452805,60.133,8550.407,143.789
1563510314.1986725,60.241,8522.479,143.289
1563510318.2228675,60.192,8564.844,143.227
1563510322.2166576,60.062,8512.772,143.375
1563510326.704899,60.151,8514.121,143.789
1563510330.235123,60.057,8518.147,143.836
1563510334.2702942,60.096,8536.546,143.789
1563510338.231566,60.183,8522.553,142.0
1563510342.2649813,60.071,8518.1,143.438
1563510346.5299468,60.195,8529.127,143.477
1563510350.2681298,60.187,8521.889,143.562
1563510354.2898974,59.842,8573.85,143.969
1563510358.2739737,59.837,8550.229,143.648
1563510362.3683968,59.902,8554.807,143.766
1563510366.3136013,60.081,8545.33,143.664
1563510370.2970805,60.177,8552.684,143.281
1563510374.2968855,60.082,8525.71,143.242
1563510378.3193755,60.244,8516.859,143.867
1563510382.3236005,60.004,8558.723,143.93
1563510386.3078775,60.095,8462.866,143.18
1563510390.3239799,60.012,8519.906,143.281
1563510394.3807466,60.073,8555.233,143.82
1563510398.3765912,60.177,8548.861,143.219
1563510402.3964877,60.149,8522.681,143.164
1563510406.6594212,60.032,8529.647,143.336
1563510410.3509986,60.132,8548.461,143.281
1563510414.3804493,60.067,8518.153,143.93
1563510418.3587255,60.007,8551.038,143.438
1563510422.4068286,60.086,8527.51,143.609
1563510426.3953114,60.096,8518.34,143.203
1563510430.3972876,60.015,8554.159,143.75
1563510434.417992,60.191,8556.734,143.883
1563510438.4304628,60.094,8518.401,143.25
1563510442.401856,59.792,8518.443,143.406
1563510446.432978,59.918,8565.179,143.555
1563510450.4134376,59.845,8517.512,143.797
1563510454.5600317,59.933,8517.277,143.211
1563510458.449758,59.866,8544.582,143.148
1563510462.4385805,59.831,8516.362,143.594
1563510466.66693,59.876,8524.344,143.602
1563510470.4867172,60.065,8542.822,143.555
1563510474.4726465,60.237,8563.248,143.727
1563510478.486549,60.015,8525.422,143.688
1563510482.6104157,60.081,8536.886,143.781
1563510486.491153,60.07,8520.657,143.828
1563510490.5104194,60.092,8531.244,143.539
1563510494.5076184,60.104,8550.065,143.688
1563510498.5367153,60.143,8522.496,143.133
1563510502.5366642,60.25,8533.183,143.828
1563510506.5500069,60.233,8551.478,143.812
1563510510.545627,60.203,8512.146,143.281
1563510514.5794575,60.174,8530.775,143.672
1563510518.5513222,60.032,8457.499,143.727
1563510522.5821369,60.045,8521.252,143.242
1563510526.8330178,60.159,8512.969,143.281
1563510530.5921192,60.16,8551.512,143.023
1563510534.5659642,60.229,8533.319,143.328
1563510538.5859466,60.082,8524.466,143.445
1563510542.6677978,60.205,8541.311,143.531
1563510546.6179976,60.107,8459.314,143.336
1563510550.5987954,60.016,8466.852,143.469
1563510554.615077,60.095,8537.209,143.617
1563510558.6183026,60.215,8528.939,143.227
1563510562.6207757,60.178,8538.071,143.172
1563510566.618402,60.154,8557.293,143.914
1563510570.6481137,60.091,8521.564,143.188
1563510574.6515703,60.061,8531.945,143.68
1563510578.6464195,60.159,8519.409,143.227
1563510582.679159,60.072,8524.074,143.336
1563510586.9389133,60.062,8524.608,143.336
1563510590.673979,60.032,8559.752,143.562
1563510594.6822383,60.064,8486.656,143.641
1563510598.6935153,60.028,8541.666,143.992
1563510602.6914988,60.068,8558.482,143.391
1563510606.6881201,60.036,8712.252,143.406
1563510610.7028894,60.186,8732.046,143.516
1563510614.6960406,60.19,8749.701,143.773
1563510618.7249112,60.184,8726.721,143.422
1563510622.7121627,60.086,8754.65,143.664
1563510626.7641761,60.213,8731.895,143.625
1563510630.7241762,60.01,8713.879,143.016
1563510634.7390816,60.048,8752.647,143.945
1563510638.7421327,60.124,8684.969,143.07
1563510642.813666,60.158,8646.482,143.164
1563510646.8176901,60.007,8667.595,143.062
1563510650.7933464,60.233,8726.096,143.75
1563510654.7585287,60.242,8713.184,143.141
1563510658.7616367,60.151,8733.664,143.773
1563510662.7954261,60.238,8729.062,143.406
1563510666.7969124,60.102,8709.205,143.922
1563510670.7909575,60.111,8752.893,143.297
1563510674.79701,60.106,8746.312,143.812
1563510679.8410397,60.09,8767.044,143.43
1563510682.8408828,60.18,8730.729,143.398
1563510686.8289602,60.003,8728.414,143.812
1563510690.8466372,60.206,8713.449,143.992
1563510694.8361466,60.049,8753.562,143.109
1563510698.8605092,60.197,8760.877,143.422
1563510702.9502342,60.041,8668.209,143.555
1563510706.9488325,60.074,8739.212,143.047
1563510710.8858094,60.069,8736.449,143.141
1563510714.885939,60.018,8733.736,143.445
1563510718.8667345,60.201,8645.221,143.359
1563510722.8697674,60.199,8668.58,143.094
1563510726.8676941,60.228,8647.613,143.047
1563510730.8887968,60.033,8649.129,143.422
1563510734.8924308,60.129,8634.924,143.773
1563510738.8836339,60.157,8670.168,143.875
1563510742.9548364,60.191,8643.963,143.336
1563510746.9480457,60.226,8699.195,143.984
1563510750.9469042,60.067,8669.961,143.68
1563510754.928208,60.108,8698.016,143.852
1563510758.929895,60.116,8673.706,143.719
1563510762.9749544,60.058,8648.57,143.867
1563510766.9453166,60.079,8619.695,143.156
1563510770.9495337,60.077,8624.871,143.523
1563510774.961889,60.104,8607.934,143.086
1563510778.944133,60.012,8671.745,143.188
1563510782.9677117,60.187,8676.057,143.883
1563510786.9860268,60.055,8662.872,143.453
1563510790.996238,60.248,8690.643,143.586
1563510794.9717865,60.154,8651.05,143.766
1563510798.99487,60.081,8670.053,143.836
1563510802.9977777,60.015,8688.897,143.023
1563510807.0353832,60.025,8675.678,143.078
1563510811.0411048,60.231,8687.605,143.477
1563510815.0272002,60.197,8513.092,143.0
1563510819.018101,60.126,8542.695,143.5
1563510823.2194293,60.21,8517.754,143.789
1563510827.0560765,60.148,8562.084,143.695
1563510831.037979,60.21,8536.966,143.508
1563510835.049367,60.03,8517.583,143.008
1563510839.063281,59.76,8496.396,143.57
1563510843.0709445,59.928,8539.85,143.57
1563510847.089523,59.781,8563.125,143.742
1563510851.0853996,59.873,8494.17,143.914
1563510855.0966504,59.874,8503.812,143.289
1563510859.1555698,59.981,8470.061,143.789
1563510863.1102397,59.97,8501.943,143.07
1563510867.1112301,59.823,8450.237,143.305
1563510871.1150556,59.825,8466.917,143.984
1563510875.1209693,59.944,8477.869,143.031
1563510879.1424553,59.816,8567.373,143.453
1563510883.2462823,59.927,8522.502,143.648
1563510887.143904,59.871,8566.598,143.375
1563510891.1958282,60.06,8515.434,143.57
1563510895.2640967,60.205,8563.896,143.539
1563510899.160806,60.204,8527.702,143.398
1563510903.1690476,60.131,8573.237,143.281
1563510907.1950247,60.238,8608.058,143.984
1563510911.1791854,60.18,8526.626,143.242
1563510915.174662,60.005,8518.021,143.547
1563510919.1906385,60.239,8526.404,143.914
1563510923.197761,60.185,8616.562,143.766
1563510927.2154539,60.161,8524.605,143.672
1563510931.2433789,60.137,8471.943,143.211
1563510935.2378888,60.179,8558.756,143.023
1563510939.2193158,60.042,8523.627,143.141
1563510943.3573825,60.024,8545.275,143.445
1563510947.2412822,60.24,8514.522,143.258
1563510951.2320108,60.122,8470.413,143.555
1563510955.5288317,60.247,8485.312,143.25
1563510959.250909,60.025,8481.368,143.75
1563510963.251673,59.951,8518.604,142.758
1563510967.2720702,59.832,8524.197,143.578
1563510971.2853312,59.888,8553.814,143.781
1563510975.3163898,59.794,8574.689,143.969
1563510979.2754562,59.834,8528.117,143.617
1563510983.3854191,59.933,8547.854,143.922
1563510987.3007207,59.886,8628.607,143.742
1563510991.3032737,59.95,8610.082,143.578
1563510995.3384466,59.87,8591.886,143.734
1563510999.3015852,59.895,8554.617,143.359
1563511003.4915879,59.808,8571.13,143.375
1563511007.355029,59.918,8517.449,143.141
1563511011.3253877,59.991,8554.216,143.758
1563511015.3454928,59.859,8527.519,143.719
1563511019.3429382,59.854,8563.42,143.344
1563511023.3950171,59.764,8536.362,143.617
1563511027.3655057,59.952,8571.503,143.742
1563511031.4020162,59.918,8556.536,143.656
1563511035.3779247,59.768,8557.48,143.555
1563511039.3774443,59.879,8558.153,143.672
1563511043.3773825,59.956,8536.647,143.117
1563511047.383931,59.995,8546.949,143.219
1563511051.439983,59.842,8456.704,143.367
1563511055.4191198,59.874,8472.573,143.68
1563511059.408316,59.779,8537.637,143.406
1563511063.6176744,59.919,8566.514,143.438
1563511067.4522598,59.932,8455.735,142.953
1563511071.4104018,59.865,8476.417,142.844
1563511075.4266238,59.903,8492.625,142.953
1563511079.4508803,59.972,8465.191,142.383
1563511083.4434083,59.92,8570.945,142.477
1563511087.4788196,59.894,8501.526,143.586
1563511091.4990895,59.852,8504.549,142.234
1563511095.4754717,59.844,8387.172,143.305
1563511099.475087,59.881,8492.887,143.328
1563511103.4547493,59.95,8458.014,143.266
1563511107.4753265,59.787,8499.741,143.508
1563511111.4791248,59.882,8463.668,143.914
1563511115.491301,59.856,8496.896,143.219
1563511119.5097764,59.919,8489.407,143.656
1563511123.6070864,60.225,8492.06,143.586
1563511127.4845746,60.071,8466.895,143.672
1563511131.5133266,60.011,8473.047,143.773
1563511135.500938,60.139,8449.929,143.844
1563511139.5293052,60.212,8453.102,143.227
1563511143.5829117,60.206,8491.859,143.477
1563511147.518976,60.179,8501.238,143.195
1563511151.5371273,60.24,8474.379,143.422
1563511155.5408,60.035,8470.817,143.711
1563511159.5370953,60.177,8495.819,143.727
1563511163.5616863,60.048,8520.217,143.5
1563511167.6007578,60.138,8649.334,143.875
1563511171.5900257,60.119,8688.566,143.57
1563511175.5837107,60.205,8648.415,143.125
1563511179.5872028,60.236,8657.981,143.82
1563511183.751449,60.141,8679.336,143.0
1563511187.583657,60.236,8649.902,143.406
1563511191.583512,60.012,8661.861,143.422
1563511195.581087,60.008,8597.54,143.531
1563511199.5882154,60.177,8584.537,143.969
1563511203.5885954,60.164,8595.54,143.336
1563511207.6746235,60.004,8621.838,143.766
1563511211.6051538,60.117,8584.79,143.016
1563511215.6191387,60.219,8623.332,143.602
1563511219.6482968,60.236,8577.217,143.188
1563511223.6346474,60.062,8615.266,143.125
1563511227.6231022,60.197,8623.568,143.203
1563511231.6559262,60.164,8583.983,143.086
1563511235.661648,60.13,8619.783,143.516
1563511239.6785405,60.114,8633.624,143.656
1563511243.7505908,60.228,8637.641,143.828
1563511247.6947734,60.072,8586.483,143.516
1563511251.6742716,60.152,8620.942,143.594
1563511255.672757,60.155,8632.779,143.344
1563511259.7221692,60.038,8684.053,143.672
1563511263.6805053,60.198,8593.66,143.5
1563511267.7091513,60.191,8594.945,143.039
1563511271.711074,60.1,8620.385,143.727
1563511275.7317154,60.118,8620.482,143.445
1563511279.6987343,60.183,8592.819,143.742
1563511283.9406772,60.136,8582.1,143.922
1563511287.721685,60.073,8600.637,143.82
1563511291.7359843,60.122,8632.789,143.188
1563511295.7288501,60.209,8582.359,143.297
1563511299.728296,60.185,8601.406,143.367
1563511303.917582,60.227,8595.726,143.109
1563511307.74539,60.213,8583.934,143.289
1563511311.7671778,60.062,8619.572,143.773
1563511315.76486,60.208,8517.427,143.438
1563511319.7557356,60.127,8580.464,143.828
1563511323.7867813,60.233,8619.723,143.602
1563511327.7747722,60.027,8596.566,143.062
1563511331.7801752,60.014,8589.577,143.836
1563511335.8265417,60.203,8621.386,143.18
1563511339.7926984,60.188,8699.553,143.656
1563511343.816136,60.247,8584.746,142.82
1563511347.8165824,60.104,8623.986,143.953
1563511351.805001,60.214,8597.667,143.102
1563511355.8317344,60.188,8603.572,143.508
1563511359.8383524,60.207,8609.061,143.586
1563511363.9185684,60.055,8594.213,143.75
1563511367.8296986,60.18,8521.152,143.531
1563511371.8372605,60.24,8603.205,143.344
1563511375.8665984,60.228,8613.277,143.703
1563511380.008964,60.127,8582.431,143.43
1563511383.8664057,60.229,8594.963,143.398
1563511387.8727067,60.037,8612.137,143.156
1563511391.872855,60.226,8601.434,143.617
1563511426.747597,60.127,11835.827,143.695
1563511430.5734708,60.161,11493.854,143.023
1563511434.563406,60.113,11525.57,143.688
1563511438.5806046,60.184,11555.846,143.758
1563511442.6080842,60.023,11602.174,143.047
1563511446.6752973,60.179,11591.592,143.906
1563511450.6246352,60.193,11708.893,143.719
1563511454.6168294,60.0,11694.645,143.805
1563511458.6002169,60.022,11708.566,143.18
1563511462.6025894,60.042,11759.738,143.062
1563511466.6168106,60.103,11734.822,143.211
1563511470.6214192,60.226,11786.092,143.477
1563511474.6433887,60.215,11736.367,143.641
1563511478.9489088,60.249,11821.498,143.531
1563511482.694325,60.176,11811.9,143.336
1563511486.7765713,60.244,11839.934,143.375
1563511490.6874938,60.128,11828.535,143.953
1563511494.6528323,60.153,11857.581,143.008
1563511498.6601515,60.202,11892.912,143.438
1563511502.67901,60.111,11869.596,143.859
1563511506.6959515,60.047,11862.157,143.797
1563511510.6841671,60.21,11887.021,143.625
1563511514.7247276,60.064,11891.473,143.43
1563511518.774299,60.004,11846.836,143.273
1563511522.7389865,60.201,11924.141,143.945
1563511526.7503858,60.236,11944.919,143.891
1563511530.7317111,60.184,11886.152,143.156
1563511534.7522821,60.237,11898.645,143.047
1563511538.7549622,60.028,11937.532,143.258
1563511542.8303168,60.052,11964.372,143.727
1563511546.846148,60.246,11954.93,143.117
1563511550.7961776,60.016,11964.9,143.203
1563511554.786606,60.217,11913.712,143.609
1563511558.7984805,60.104,11907.615,143.727
1563511562.8327496,60.029,11922.766,143.172
1563511566.8340902,59.867,11920.655,143.438
1563511570.8564465,59.874,11946.518,143.258
1563511574.8196294,59.95,11963.301,143.75
1563511578.836631,59.998,11956.532,143.781
1563511582.8453772,59.861,11950.924,143.836
1563511586.8536549,59.825,11886.973,143.781
1563511590.8525186,59.751,11893.266,143.125
1563511594.927927,59.819,11935.737,143.055
1563511598.8723915,59.955,11909.588,143.25
1563511602.9644835,59.873,11954.5,143.203
1563511606.9683657,59.97,11947.379,143.039
1563511610.921078,59.784,11941.986,143.516
1563511614.9276178,59.938,11933.305,143.383
1563511618.9097342,59.781,11967.286,143.75
1563511622.8917377,59.973,11933.768,143.656
1563511626.942885,59.94,11906.697,142.555
1563511630.9709005,59.793,11956.664,142.922
1563511634.9402695,59.871,11941.404,142.086
1563511638.9261677,60.089,11740.83,143.555
1563511642.943188,60.234,11653.09,143.633
1563511646.9358644,59.879,11686.512,143.688
1563511650.949624,59.903,11687.568,143.844
1563511654.9625957,59.915,11684.169,143.578
1563511658.9648602,59.826,11708.947,143.953
1563511663.0994241,59.988,11702.073,143.75
1563511667.026673,59.772,11618.873,143.539
1563511670.9774184,59.762,11709.547,143.992
1563511674.9882877,59.83,11648.416,143.078
1563511679.0071597,59.884,11685.195,143.695
1563511683.0093312,59.913,11655.469,143.594
1563511686.9909563,59.775,11687.818,143.727
1563511691.0243194,59.913,11683.035,143.969
1563511695.023167,59.917,11697.328,143.781
1563511699.0472102,59.849,11709.896,143.938
1563511703.0609267,59.922,11695.655,143.555
1563511707.0372453,59.898,11690.771,143.625
1563511711.0741532,60.229,11661.918,143.062
1563511715.0597963,60.108,11641.33,143.906
1563511719.097616,60.16,11642.771,143.617
1563511723.2381797,60.206,11638.742,143.117
1563511727.0946238,60.232,11703.362,143.883
1563511731.084843,60.248,11711.719,143.227
1563511735.0899165,60.042,11648.024,143.617
1563511739.0869055,60.112,11656.702,142.281
1563511743.0924523,60.042,11698.997,143.312
1563511747.107778,60.173,11667.734,143.031
1563511751.1330705,60.079,11704.627,142.172
1563511755.125931,60.16,11709.494,142.219
1563511759.1216881,60.193,11768.281,142.531
1563511763.1293833,60.241,11733.383,142.367
1563511767.1291769,60.044,8939.875,142.359
1563511771.16167,60.024,8879.563,142.203
1563511775.1564517,60.141,8823.227,142.562
1563511779.1560256,60.188,8820.299,142.469
1563511783.3779123,60.015,8791.188,142.023
1563511787.1703784,60.249,8758.582,141.859
1563511791.177744,60.062,8743.742,141.68
1563511795.1944907,60.198,8721.442,141.492
1563511799.1804516,60.15,8747.808,141.383
1563511803.197913,60.24,8704.405,141.227
1563511807.2051604,60.159,8756.557,141.008
1563511811.1998112,60.052,8719.167,141.422
1563511815.2429903,60.065,8758.767,141.508
1563511819.244807,60.2,8588.889,141.43
1563511823.2270253,60.035,8503.728,141.75
1563511827.2481673,60.096,8421.041,141.875
1563511831.2459736,60.094,8407.313,141.969
1563511835.239343,60.224,8474.254,141.555
1563511839.2630775,60.186,8488.331,141.273
1563511843.2606032,60.157,8471.71,141.633
1563511847.3006954,60.206,8452.949,141.836
1563511851.274226,60.211,8497.049,141.695
1563511855.2863965,60.173,8490.718,141.273
1563511859.2751281,60.054,8477.277,141.492
1563511863.2794425,60.048,8427.538,141.273
1563511867.3100476,60.166,8418.256,140.883
1563511871.2879403,60.122,8474.629,141.453
1563511875.2874205,60.035,8495.203,141.102
1563511879.311741,60.044,8449.99,141.07
1563511883.3212557,60.008,8466.991,141.086
1563511887.3472805,60.096,8491.861,141.141
1563511891.3218231,60.218,8510.259,141.656
1563511895.3478544,60.098,8410.035,141.406
1563511899.3440745,60.085,8428.17,141.68
1563511903.5016363,60.163,8405.002,140.078
1563511907.3548112,60.023,8486.564,140.406
1563511911.3670132,60.23,8441.12,140.547
1563511915.3824067,60.163,8423.07,140.539
1563511919.398392,60.034,8466.859,141.805
1563511923.4183822,60.116,8391.829,140.117
1563511927.4051914,60.138,8578.306,140.375
1563511931.3827474,60.026,8677.09,140.977
1563511935.3987837,60.226,8594.332,140.383
1563511939.4114432,60.17,8598.632,140.188
1563511943.4179573,60.032,8583.768,140.266
1563511947.4324536,60.057,8594.294,140.164
1563511951.4071536,60.063,8642.827,140.289
1563511955.444362,60.234,8686.76,140.219
1563511959.4321525,60.056,8592.367,140.234
1563511963.6379378,60.044,8656.096,141.625
1563511967.4378543,60.128,8667.467,141.531
1563511971.4581125,60.154,8680.484,141.492
1563511975.4647615,60.098,8620.098,141.82
1563511979.4632065,60.091,8642.07,141.695
1563511983.482479,60.236,8684.693,140.453
1563511987.4809213,60.062,8652.95,140.719
1563511991.5118403,60.16,8619.479,140.781
1563511995.5085769,60.104,8681.205,140.062
1563511999.5054493,60.229,8613.604,140.102
1563512003.5281372,60.031,8620.423,140.375
1563512007.5692563,60.184,8621.05,140.648
1563512011.5249188,59.9,8627.635,140.609
1563512015.5595138,59.958,8580.926,140.477
1563512019.6070118,59.945,8634.414,140.906
1563512023.7637322,59.985,8692.105,140.812
1563512027.606582,59.77,8645.1,140.172
1563512031.563451,59.757,8630.065,140.234
1563512035.5859778,59.835,8682.098,140.992
1563512039.5721984,59.962,8616.634,140.367
1563512043.6059368,59.869,8662.708,140.938
1563512047.602121,59.76,8606.121,140.117
1563512051.6121306,59.997,8579.481,140.297
1563512055.6284454,59.927,8586.479,141.562
1563512059.6782954,59.983,8616.842,141.188
1563512063.6671214,59.852,8580.388,141.047
1563512067.6368535,60.228,8598.912,141.734
1563512071.6601236,60.247,8618.014,141.125
1563512075.654096,60.194,8582.088,141.0
1563512079.682033,60.091,8601.557,141.148
1563512083.7648547,60.204,8631.236,141.086
1563512087.669315,60.151,8619.539,141.859
1563512091.7029488,60.147,8619.225,141.375
1563512095.696257,60.12,8630.592,141.969
1563512099.8013465,60.095,8646.911,141.547
1563512103.6980443,60.141,8666.907,141.352
1563512107.7178612,60.137,8658.923,141.367
1563512111.7139282,60.035,8646.354,141.609
1563512115.7442212,60.004,8665.038,141.844
1563512119.7073019,60.23,8691.961,141.086
1563512123.7471817,60.013,8690.415,141.75
1563512127.7312315,60.055,8686.814,141.633
1563512131.7518258,60.127,8657.803,141.391
1563512135.7467337,60.179,8582.159,141.969
1563512139.7734232,60.007,8663.592,141.523
1563512143.9298635,60.016,8692.755,141.805
1563512147.760912,60.133,8694.229,140.781
1563512151.7862773,60.107,8650.219,140.078
1563512155.781982,60.117,8690.24,140.383
1563512159.7822201,60.013,8586.852,140.969
1563512163.7978384,60.234,8586.475,140.102
1563512167.8024411,60.098,8622.035,141.758
1563512171.8251922,60.11,8629.911,141.492
1563512175.8306766,60.139,8603.49,141.219
1563512179.8503757,60.141,8592.523,141.156
1563512183.8179286,60.032,8628.268,141.555
1563512187.8471127,60.024,8665.965,141.008
1563512191.8226688,60.188,8595.094,141.055
1563512195.8590248,60.053,8670.356,141.445
1563512199.866097,60.079,8702.331,141.617
1563512204.1019988,60.158,8685.146,141.484
1563512207.848262,60.18,8614.894,141.438
1563512211.8633368,60.11,8603.928,141.977
1563512215.8599048,60.227,8592.006,141.406
1563512219.8984005,60.197,8689.113,141.461
1563512223.8695986,60.223,8608.395,141.875
1563512227.9033363,60.211,8656.893,141.977
1563512231.8848002,60.188,8647.9,141.891
1563512235.8966055,60.239,8683.129,141.953
1563512239.8953497,60.018,8658.394,141.891
1563512243.8954728,60.206,8642.105,141.977
1563512247.9185045,60.104,8655.133,141.914
1563512251.9143507,60.203,8696.69,141.664
1563512255.9603238,60.139,8993.856,141.438
1563512259.9366655,60.237,8941.543,141.109
1563512264.106999,60.141,8944.667,141.289
1563512267.9386237,60.055,8885.746,141.734
1563512271.9641254,60.141,8803.05,141.539
1563512275.956348,60.19,8725.01,141.648
1563512279.9774141,60.028,8678.559,141.664
1563512283.983325,60.107,8647.213,141.234
1563512287.971563,60.084,8693.184,141.969
1563512291.9929714,60.035,8742.513,141.07
1563512295.9946947,60.081,8676.524,141.883
1563512299.9826877,60.021,8649.307,141.18
1563512304.0025346,60.093,8714.815,141.016
1563512307.9911988,60.077,8752.258,141.258
1563512312.006671,60.138,8710.207,141.258
1563512316.0174882,60.205,8679.352,141.297
1563512320.057997,60.122,8717.292,141.789
1563512324.1005855,60.154,8739.839,141.914
1563512328.04858,60.135,8669.811,141.016
1563512332.02491,60.233,8745.816,141.57
1563512336.108942,60.058,8643.133,141.711
1563512340.0572777,60.152,8742.585,141.031
1563512344.0846734,60.169,8722.733,141.32
1563512348.0630417,60.129,8704.223,141.258
1563512352.0820768,60.029,8743.275,141.805
1563512356.0802507,60.104,8714.21,141.242
1563512360.0801864,60.065,8717.999,141.477
1563512364.0794308,60.121,8713.028,141.547
1563512368.1086824,60.045,8655.869,141.438
1563512372.100468,60.01,8679.734,141.234
1563512376.1047869,60.046,8744.76,141.672
1563512380.1168573,60.048,8720.724,141.062
1563512384.2689972,60.035,8683.1,141.016
1563512388.1447952,60.092,8653.784,141.766
1563512392.118176,60.041,8671.748,141.555
1563512396.1640933,60.218,8680.055,141.883
